jugador_dni,minutos,goles,asistencias,amarillas,rojas,nota_general,intensidad,actitud,attendance_ratio,goles_p90,asistencias_p90,amarillas_p90,cluster
11111111B,87.5,1.5,0.5,0.0,0.0,9.5,9.0,9.0,1,1.542857142857143,0.5142857142857142,0.0,0
22222222B,90.0,0.0,0.0,1.0,0.0,7.0,10.0,8.0,1,0.0,0.0,1.0,2
22334455A,90.0,0.0,0.0,0.0,0.0,10.0,7.0,7.0,1,0.0,0.0,0.0,0
33333333B,12.5,1.0,0.0,0.0,0.0,6.0,5.0,6.0,1,7.2,0.0,0.0,3
44444444B,0.0,0.0,0.0,0.0,0.0,2.0,1.0,1.0,1,0.0,0.0,0.0,1
55555555B,90.0,0.0,1.5,0.0,0.0,8.5,8.0,10.0,1,0.0,1.5,0.0,0
66666666A,48.2,1.0,0.4,0.2,0.2,3.0,3.0,3.0,1,1.8672199170124482,0.7468879668049793,0.37344398340248963,1
66666666B,45.0,0.0,0.0,0.0,1.0,4.0,6.0,2.0,1,0.0,0.0,0.0,1
